{"entities":{"pages":{"Introduction":{"id":"Introduction","title":"Introduction","url":"introduction.html","level":0,"tabIndex":0},"Installation-guide":{"id":"Installation-guide","title":"Installation guide","url":"installation-guide.html","level":0,"pages":["Container-engine","Kubernetes","Configuration"],"tabIndex":1},"Container-engine":{"id":"Container-engine","title":"Container engine","url":"container-engine.html","level":1,"parentId":"Installation-guide","tabIndex":0},"Kubernetes":{"id":"Kubernetes","title":"Kubernetes","url":"kubernetes.html","level":1,"parentId":"Installation-guide","tabIndex":1},"Configuration":{"id":"Configuration","title":"Configuration","url":"configuration.html","level":1,"parentId":"Installation-guide","pages":["Main","ModulesConfiguration"],"tabIndex":2},"Main":{"id":"Main","title":"Main configuration","url":"main.html","level":2,"parentId":"Configuration","tabIndex":0},"ModulesConfiguration":{"id":"ModulesConfiguration","title":"Modules","url":"modulesconfiguration.html","level":2,"parentId":"Configuration","pages":["EnedisConfiguration"],"tabIndex":1},"EnedisConfiguration":{"id":"EnedisConfiguration","title":"Enedis","url":"enedisconfiguration.html","level":3,"parentId":"ModulesConfiguration","tabIndex":0},"Users-guide":{"id":"Users-guide","title":"Users guide","url":"users-guide.html","level":0,"pages":["How-it-works","Modules"],"tabIndex":2},"How-it-works":{"id":"How-it-works","title":"How it works","url":"how-it-works.html","level":1,"parentId":"Users-guide","tabIndex":0},"Modules":{"id":"Modules","title":"Modules","url":"modules.html","level":1,"parentId":"Users-guide","pages":["enedis"],"tabIndex":1},"enedis":{"id":"enedis","title":"Enedis","url":"enedis.html","level":2,"parentId":"Modules","tabIndex":0},"Developers-guide":{"id":"Developers-guide","title":"Developers guide","url":"developers-guide.html","level":0,"tabIndex":3}}},"topLevelIds":["Introduction","Installation-guide","Users-guide","Developers-guide"]}