{"objectID":"https://esthes.is/docs/edge_main.html#influxdb_configuration_local_data_sync","parent":"https://esthes.is/docs/edge_main.html#general_configuration","pageViews":0,"url":"writerside-documentation/https://esthes.is/docs/edge/main.html#influxdb-configuration-local-data-sync","mainTitle":"Main configuration","product":"https://esthes.is/docs/edge","headings":"Main configuration,InfluxDB configuration (local data sync)","content":"NAME DESCRIPTION\nESTHESIS_EDGE_LOCAL_ENABLED Whether syncronising data to the InfluxDB database is enabled or not.Default: false\nESTHESIS_EDGE_LOCAL_INFLUX_DB_URL The URL of the InfluxDB database to use.Default: http://localhost:9086\nESTHESIS_EDGE_LOCAL_INFLUX_DB_TOKEN The token to use when connecting to the InfluxDB database.Default: esthesis-edge\nESTHESIS_EDGE_LOCAL_INFLUX_DB_BUCKET The bucket to use when connecting to the InfluxDB database.Default: edge\nESTHESIS_EDGE_LOCAL_INFLUX_DB_ORG The organisation to use when connecting to the InfluxDB database.Default: esthesis\n","pageTitle":"InfluxDB configuration (local data sync)","metaDescription":"","type":"Documentation","breadcrumbs":"Installation guide///Configuration","root":0,"depth":2}