{"objectID":"https://esthes.is/docs/edge_main.html#esthesis_core_configuration_core_data_sync","parent":"https://esthes.is/docs/edge_main.html#general_configuration","pageViews":0,"url":"writerside-documentation/https://esthes.is/docs/edge/main.html#esthesis-core-configuration-core-data-sync","mainTitle":"Main configuration","product":"https://esthes.is/docs/edge","headings":"Main configuration,esthesis CORE configuration (core data sync)","content":"NAME DESCRIPTION\nESTHESIS_EDGE_CORE_PUSH_ENABLED Whether syncronising data to the esthesis CORE is enabled or not.Default: false\nESTHESIS_EDGE_CORE_PUSH_URL The URL of the MQTT server used by esthesis CORE to use.Default: ssl://mosquitto.esthesis:8883\nESTHESIS_EDGE_CORE_PUSH_TOPIC_TELEMETRY The topic to use when pushing telemetry data to esthesis CORE.Default: esthesis/telemetry\nESTHESIS_EDGE_CORE_PUSH_TOPIC_PING The topic to use when pushing ping data to esthesis CORE.Default: esthesis/ping\nESTHESIS_EDGE_CORE_REGISTRATION_ENABLED Whether new esthesis EDGE devices are registered as devices in esthesis CORE or not.Default: false\nESTHESIS_EDGE_CORE_REGISTRATION_SECRET The secret token to use when registering new devices in esthesis CORE.\nESTHESIS_EDGE_CORE_TAGS The tags used to identify the device in esthesis CORE.Default: edge\nESTHESIS_EDGE_CORE_KEY_ALGORITHM The algorithm used to generate the device keys by esthesis CORE.Default: RSA\n","pageTitle":"esthesis CORE configuration (core data sync)","metaDescription":"","type":"Documentation","breadcrumbs":"Installation guide///Configuration","root":0,"depth":2}