{"objectID":"https://esthes.is/docs/edge_fronius.html#configuration","parent":"https://esthes.is/docs/edge_fronius.html#initial_registration_and_data_fetch","pageViews":0,"url":"writerside-documentation/https://esthes.is/docs/edge/fronius.html#configuration","mainTitle":"Fronius module","product":"https://esthes.is/docs/edge","headings":"Fronius module,Configuration","content":"For a full list of configuration options for the Fronius module, please refer to the Fronius module configuration.\n","pageTitle":"Configuration","metaDescription":"","type":"Documentation","breadcrumbs":"Users guide///Modules","root":0,"depth":2}