{"objectID":"https://esthes.is/docs/edge_kubernetes.html#requirements","parent":"https://esthes.is/docs/edge_kubernetes.html#requirements","pageViews":0,"url":"writerside-documentation/https://esthes.is/docs/edge/kubernetes.html#requirements","mainTitle":"Kubernetes","product":"https://esthes.is/docs/edge","headings":"Kubernetes,Requirements","content":"- A Kubernetes cluster with Ingress support. - Helm ","pageTitle":"Requirements","metaDescription":"","type":"Documentation","breadcrumbs":"Installation guide","root":0,"depth":1}