{"objectID":"https://esthes.is/docs/edge_enedisconfiguration.html#data_fetching","parent":"https://esthes.is/docs/edge_enedisconfiguration.html#general_configuration","pageViews":0,"url":"writerside-documentation/https://esthes.is/docs/edge/enedisconfiguration.html#data-fetching","mainTitle":"Enedis","product":"https://esthes.is/docs/edge","headings":"Enedis,Data fetching","content":"NAME DESCRIPTION\nESTHESIS_EDGE_MODULES_ENEDIS_FETCH_TYPES_DC_ENABLED--set esthesis.edge.modules.enedis.fetchTypes.dc.enabled Enables fetching Daily Consumption data.Default: false\nESTHESIS_EDGE_MODULES_ENEDIS_FETCH_TYPES_DC_CATEGORY--set esthesis.edge.modules.enedis.fetchTypes.dc.category Category name when synchronising data.Default: energy\nESTHESIS_EDGE_MODULES_ENEDIS_FETCH_TYPES_DC_MEASUREMENT--set esthesis.edge.modules.enedis.fetchTypes.dc.measurement Measurement name when synchronising data.Default: dc\nESTHESIS_EDGE_MODULES_ENEDIS_FETCH_TYPES_DC_ERRORS_THRESHOLD--set esthesis.edge.modules.enedis.fetchTypes.dc.errorsThreshold The number of errors after which DC fetching is disabled for a device.Default: 10\nESTHESIS_EDGE_MODULES_ENEDIS_FETCH_TYPES_DCMP_ENABLED--set esthesis.edge.modules.enedis.fetchTypes.dcmp.enabled Enables fetching Daily Consumption Max Power data.Default: false\nESTHESIS_EDGE_MODULES_ENEDIS_FETCH_TYPES_DCMP_CATEGORY--set esthesis.edge.modules.enedis.fetchTypes.dcmp.category Category name when synchronising data.Default: energy\nESTHESIS_EDGE_MODULES_ENEDIS_FETCH_TYPES_DCMP_MEASUREMENT--set esthesis.edge.modules.enedis.fetchTypes.dcmp.measurement Measurement name when synchronising data.Default: dcmp\nESTHESIS_EDGE_MODULES_ENEDIS_FETCH_TYPES_DCMP_ERRORS_THRESHOLD--set esthesis.edge.modules.enedis.fetchTypes.dcmp.errorsThreshold The number of errors after which DCMP fetching is disabled for a device.Default: 10\nESTHESIS_EDGE_MODULES_ENEDIS_FETCH_TYPES_DP_ENABLED--set esthesis.edge.modules.enedis.fetchTypes.dp.enabled Enables fetching Daily Production data.Default: false\nESTHESIS_EDGE_MODULES_ENEDIS_FETCH_TYPES_DP_CATEGORY--set esthesis.edge.modules.enedis.fetchTypes.dp.category Category name when synchronising data.Default: energy\nESTHESIS_EDGE_MODULES_ENEDIS_FETCH_TYPES_DP_MEASUREMENT--set esthesis.edge.modules.enedis.fetchTypes.dp.measurement Measurement name when synchronising data.Default: dp\nESTHESIS_EDGE_MODULES_ENEDIS_FETCH_TYPES_DP_ERRORS_THRESHOLD--set esthesis.edge.modules.enedis.fetchTypes.dp.errorsThreshold The number of errors after which DP fetching is disabled for a device.Default: 10\nESTHESIS_EDGE_MODULES_ENEDIS_FETCH_TYPES_CLC_ENABLED--set esthesis.edge.modules.enedis.fetchTypes.clc.enabled Enables fetching Consumption Load Curve data.Default: false\nESTHESIS_EDGE_MODULES_ENEDIS_FETCH_TYPES_CLC_CATEGORY--set esthesis.edge.modules.enedis.fetchTypes.clc.category Category name when synchronising data.Default: energy\nESTHESIS_EDGE_MODULES_ENEDIS_FETCH_TYPES_CLC_MEASUREMENT--set esthesis.edge.modules.enedis.fetchTypes.clc.measurement Measurement name when synchronising data.Default: clc\nESTHESIS_EDGE_MODULES_ENEDIS_FETCH_TYPES_CLC_ERRORS_THRESHOLD--set esthesis.edge.modules.enedis.fetchTypes.clc.errorsThreshold The number of errors after which CLC fetching is disabled for a device.Default: 10\nESTHESIS_EDGE_MODULES_ENEDIS_FETCH_TYPES_PLC_ENABLED--set esthesis.edge.modules.enedis.fetchTypes.plc.enabled Enables fetching Production Load Curve data.Default: false\nESTHESIS_EDGE_MODULES_ENEDIS_FETCH_TYPES_PLC_CATEGORY--set esthesis.edge.modules.enedis.fetchTypes.plc.category Category name when synchronising data.Default: energy\nESTHESIS_EDGE_MODULES_ENEDIS_FETCH_TYPES_PLC_MEASUREMENT--set esthesis.edge.modules.enedis.fetchTypes.plc.measurement Measurement name when synchronising data.Default: plc\nESTHESIS_EDGE_MODULES_ENEDIS_FETCH_TYPES_PLC_ERRORS_THRESHOLD--set esthesis.edge.modules.enedis.fetchTypes.plc.errorsThreshold The number of errors after which PLC fetching is disabled for a device.Default: 10\n","pageTitle":"Data fetching","metaDescription":"","type":"Documentation","breadcrumbs":"Installation guide///Configuration///Modules","root":0,"depth":3}