{"objectID":"https://esthes.is/docs/edge_examples.html#get_registered_devices","parent":"https://esthes.is/docs/edge_examples.html#standalone_installation","pageViews":0,"url":"writerside-documentation/https://esthes.is/docs/edge/examples.html#get-registered-devices","mainTitle":"Examples","product":"https://esthes.is/docs/edge","headings":"Examples,Get registered devices","content":"curl -H \u0026quot;X-ESTHESIS-EDGE-ADMIN-SECRET: e35b9b5d-8831-4466-ac50-419b2a89c8b6\u0026quot; localhost:9080/admin/devices\n","pageTitle":"Get registered devices","metaDescription":"","type":"Documentation","breadcrumbs":"Installation guide","root":0,"depth":1}