{"objectID":"https://esthes.is/docs/edge_main_configuration.html#service_and_ingress_configuration","parent":"https://esthes.is/docs/edge_main_configuration.html#global_configuration","pageViews":0,"url":"writerside-documentation/https://esthes.is/docs/edge/main-configuration.html#service-and-ingress-configuration","mainTitle":"Main configuration","product":"https://esthes.is/docs/edge","headings":"Main configuration,Service and Ingress configuration","content":"NAME DESCRIPTION\nESTHESIS_EDGE_SERVICE_PORT--set esthesis.edge.service.port The port on which the esthesis EDGE service is exposed.Default: 80\nESTHESIS_EDGE_INFLUX_DB_SERVICE_PORT The port on which InfluxDB service is exposed.Default: 8086\n--set esthesis.edge.service.type The type of the service to use when exposing the esthesis EDGE service.Default: ClusterIP\n--set esthesis.edge.ingress.enabled Whether to create an Ingress resource for the esthesis EDGE service or not.Default: false\n--set esthesis.edge.ingress.certManagerClusterIssuer The name of the ClusterIssuer to use when creating the Ingress resource.\n--set esthesis.edge.ingress.certManagerIssuer The name of the Issuer to use when creating the Ingress resource.\n--set esthesis.edge.ingress.className The class name of the Ingress resource to use when creating the Ingress resource.\n--set esthesis.edge.ingress.hostname The host name to use when creating the Ingress resource.\n","pageTitle":"Service and Ingress configuration","metaDescription":"","type":"Documentation","breadcrumbs":"Installation guide///Configuration","root":0,"depth":2}