{"objectID":"https://esthes.is/docs/edge_main.html#Main.md","parent":"https://esthes.is/docs/edge_main.html#general_configuration","pageViews":0,"url":"writerside-documentation/https://esthes.is/docs/edge/main.html#Main.md","mainTitle":"Main configuration","product":"https://esthes.is/docs/edge","headings":"Main configuration","content":"The main configuration options of esthesis EDGE consist of the following parameters:\n","pageTitle":"Main configuration","metaDescription":"","type":"Documentation","breadcrumbs":"Installation guide///Configuration","root":0,"depth":2}