{"objectID":"https://esthes.is/docs/edge_configuration.html#Configuration.md","parent":"https://esthes.is/docs/edge_configuration.html#Configuration.md","pageViews":0,"url":"writerside-documentation/https://esthes.is/docs/edge/configuration.html#Configuration.md","mainTitle":"Configuration","product":"https://esthes.is/docs/edge","headings":"Configuration","content":"esthesis EDGE configuration comes in two parts: The configuration of esthesis EDGE itself, and the configuration of the supported modules.\nAccording to the initial installation method (standalone container, compose, or Kubernetes), configuration parameters should be specified appropriately:\n- Parameter names in capital, indicate environment variables that can be set when setting up esthesis EDGE in a container engine or via Compose. - Parameter names in lowercase, indicate configuration options that can be set when setting up esthesis EDGE in Kubernetes. You can find the configuration options in the following sections of the documentation:\n- - Enedis module configuration ","pageTitle":"Configuration","metaDescription":"","type":"Documentation","breadcrumbs":"Installation guide","root":0,"depth":1}