{"objectID":"https://esthes.is/docs/edge_modules.html#Modules.md","parent":"https://esthes.is/docs/edge_modules.html#Modules.md","pageViews":0,"url":"writerside-documentation/https://esthes.is/docs/edge/modules.html#Modules.md","mainTitle":"Modules","product":"https://esthes.is/docs/edge","headings":"Modules","content":"esthesis EDGE integrates with third-party systems through modules. A module allows esthesis EDGE to communicate with a third-party system, such as a database, a cloud service, or a device, and fetch data from it.\nIf you want to integrate a third-party system into esthesis EDGE, please suggest so in our GitHub repository.\nThe following modules are currently available:\n- Enedis module, providing integration with Enedis DataHub API. - Fronius module, providing integration with Fronius Solar API. - Deddie module, providing integration with Deddie API. ","pageTitle":"Modules","metaDescription":"","type":"Documentation","breadcrumbs":"Users guide","root":0,"depth":1}