{"objectID":"https://esthes.is/docs/edge_how_it_works.html#local_data_sync","parent":"https://esthes.is/docs/edge_how_it_works.html#data_sync_types","pageViews":0,"url":"writerside-documentation/https://esthes.is/docs/edge/how-it-works.html#local-data-sync","mainTitle":"How it works","product":"https://esthes.is/docs/edge","headings":"How it works,Local data sync","content":"","pageTitle":"Local data sync","metaDescription":"","type":"Documentation","breadcrumbs":"Users guide","root":0,"depth":1}