{"objectID":"https://esthes.is/docs/edge_license.html#LICENSE.md","parent":"https://esthes.is/docs/edge_license.html#LICENSE.md","pageViews":0,"url":"writerside-documentation/https://esthes.is/docs/edge/license.html#LICENSE.md","mainTitle":"LICENSE","product":"https://esthes.is/docs/edge","headings":"LICENSE","content":"However, the Licensor will be liable under statutory product liability laws as far such laws apply to the Work.\n2. Additional agreements While distributing the Work, You may choose to conclude an additional agreement, defining obligations or services consistent with this Licence. However, if accepting obligations, You may act only on your own behalf and on your sole responsibility, not on behalf of the original Licensor or any other Contributor, and only if You agree to indemnify, defend, and hold each Contributor harmless for any liability incurred by, or claims asserted against such Contributor by the fact You have accepted any warranty or additional liability.\n2. Acceptance of the Licence The provisions of this Licence can be accepted by clicking on an icon ‘I agree’ placed under the bottom of a window displaying the text of this Licence or by affirming consent in any other similar way, in accordance with the rules of applicable law. Clicking on that icon indicates your clear and irrevocable acceptance of this Licence and all of its terms and conditions.\nSimilarly, you irrevocably accept this Licence and all of its terms and conditions by exercising any rights granted to You by Article 2 of this Licence, such as the use of the Work, the creation by You of a Derivative Work or the Distribution or Communication by You of the Work or copies thereof.\n2. Information to the public In case of any Distribution or Communication of the Work by means of electronic communication by You (for example, by offering to download the Work from a remote location) the distribution channel or media (for example, a website) must at least provide to the public the information requested by the applicable law regarding the Licensor, the Licence and the way it may be accessible, concluded, stored and reproduced by the Licensee.\n2. Termination of the Licence The Licence and the rights granted hereunder will terminate automatically upon any breach by the Licensee of the terms of the Licence.\nSuch a termination will not terminate the licences of any person who has received the Work from the Licensee under the Licence, provided such persons remain in full compliance with the Licence.\n2. Miscellaneous Without prejudice of Article 9 above, the Licence represents the complete agreement between the Parties as to the Work.\nIf any provision of the Licence is invalid or unenforceable under applicable law, this will not affect the validity or enforceability of the Licence as a whole. Such provision will be construed or reformed so as necessary to make it valid and enforceable.\nThe European Commission may publish other linguistic versions or new versions of this Licence or updated versions of the Appendix, so far this is required and reasonable, without reducing the scope of the rights granted by the Licence. New versions of the Licence will be published with a unique version number.\nAll linguistic versions of this Licence, approved by the European Commission, have identical value. Parties can take advantage of the linguistic version of their choice.\n2. Jurisdiction Without prejudice to specific agreement between parties,\n- any litigation resulting from the interpretation of this License, arising between the European Union institutions, bodies, offices or agencies, as a Licensor, and any Licensee, will be subject to the jurisdiction of the Court of Justice of the European Union, as laid down in article 272 of the Treaty on the Functioning of the European Union,\n- any litigation arising between other parties and resulting from the interpretation of this License, will be subject to the exclusive jurisdiction of the competent court where the Licensor resides or conducts its primary business.\n2. Applicable Law Without prejudice to specific agreement between parties,\n- this Licence shall be governed by the law of the European Union Member State where the Licensor has his seat, resides or has his registered office,\n- this licence shall be governed by Belgian law if the Licensor has no seat, residence or registered office inside a European Union Member State.\nAppendix\n‘Compatible Licences’ according to Article 5 EUPL are:\n- GNU General Public License (GPL) v. 2, v. 3 - GNU Affero General Public License (AGPL) v. 3 - Open Software License (OSL) v. 2.1, v. 3.0 - Eclipse Public License (EPL) v. 1.0 - CeCILL v. 2.0, v. 2.1 - Mozilla Public Licence (MPL) v. 2 - GNU Lesser General Public Licence (LGPL) v. 2.1, v. 3 - Creative Commons Attribution-ShareAlike v. 3.0 Unported (CC BY-SA 3.0) for works other than software - European Union Public Licence (EUPL) v. 1.1, v. 1.2 - Québec Free and Open-Source Licence — Reciprocity (LiLiQ-R) or Strong Reciprocity (LiLiQ-R+). The European Commission may update this Appendix to later versions of the above licences without producing a new version of the EUPL, as long as they provide the rights granted in Article 2 of this Licence and protect the covered Source Code from exclusive appropriation.\nAll other changes or additions to this Appendix require the production of a new EUPL version.\n","pageTitle":"LICENSE","metaDescription":"","type":"Documentation","breadcrumbs":"","root":0,"depth":0}