{"objectID":"https://esthes.is/docs/edge_container_engine.html#standalone_installation","parent":"https://esthes.is/docs/edge_container_engine.html#requirements","pageViews":0,"url":"writerside-documentation/https://esthes.is/docs/edge/container-engine.html#standalone-installation","mainTitle":"Container engine","product":"https://esthes.is/docs/edge","headings":"Container engine,Standalone installation","content":"The standalone installation instantiates esthesis EDGE in your container engine without bringing up additional components, such as MariaDB and InfluxDB. At minimum, you need to provide access to a MariaDB for your container to be operational. You can start esthesis EDGE as a standalone container using the following command:\n","pageTitle":"Standalone installation","metaDescription":"","type":"Documentation","breadcrumbs":"Installation guide","root":0,"depth":1}