{"objectID":"https://esthes.is/docs/edge_container_engine.html#Container_engine.md","parent":"https://esthes.is/docs/edge_container_engine.html#requirements","pageViews":0,"url":"writerside-documentation/https://esthes.is/docs/edge/container-engine.html#Container-engine.md","mainTitle":"Container engine","product":"https://esthes.is/docs/edge","headings":"Container engine","content":"esthesis EDGE publishes linux/amd64 and linux/arm64 container images as part of its release process. Images are pushed to Docker Hub.\n","pageTitle":"Container engine","metaDescription":"","type":"Documentation","breadcrumbs":"Installation guide","root":0,"depth":1}