{"objectID":"https://esthes.is/docs/edge_examples.html#list_queued_data","parent":"https://esthes.is/docs/edge_examples.html#standalone_installation","pageViews":0,"url":"writerside-documentation/https://esthes.is/docs/edge/examples.html#list-queued-data","mainTitle":"Examples","product":"https://esthes.is/docs/edge","headings":"Examples,List queued data","content":"curl -H \u0026quot;X-ESTHESIS-EDGE-ADMIN-SECRET: e35b9b5d-8831-4466-ac50-419b2a89c8b6\u0026quot; localhost:9080/admin/queue\n","pageTitle":"List queued data","metaDescription":"","type":"Documentation","breadcrumbs":"Installation guide","root":0,"depth":1}