{"objectID":"https://esthes.is/docs/edge_deddie.html#configuration","parent":"https://esthes.is/docs/edge_deddie.html#requirements","pageViews":0,"url":"writerside-documentation/https://esthes.is/docs/edge/deddie.html#configuration","mainTitle":"Deddie module","product":"https://esthes.is/docs/edge","headings":"Deddie module,Configuration","content":"The configuration parameters of the esthesis EDGE DEDDIE module allow you to control the following:\n- Whether the module is enabled or disabled - Which data types to fetch - How far back in time the initial data fetch should go - How often should data be fetched - How many retries should be attempted in case of errors before giving up on a specific type ","pageTitle":"Configuration","metaDescription":"","type":"Documentation","breadcrumbs":"Users guide///Modules","root":0,"depth":2}