{"objectID":"https://esthes.is/docs/edge_enedisconfiguration.html#data_fetching","parent":"https://esthes.is/docs/edge_enedisconfiguration.html#general_configuration","pageViews":0,"url":"writerside-documentation/https://esthes.is/docs/edge/enedisconfiguration.html#data-fetching","mainTitle":"Enedis","product":"https://esthes.is/docs/edge","headings":"Enedis,Data fetching","content":"NAME DESCRIPTION\nFETCH_TYPES_DC_ENABLED Enables fetching Daily Consumption data.Default: false\nFETCH_TYPES_DC_CATEGORY Category name when synchronising data.Default: energy\nFETCH_TYPES_DC_MEASUREMENT Measurement name when synchronising data.Default: dc\nFETCH_TYPES_DC_ERRORS_THRESHOLD The number of errors after which DC fetching is disabled for a device.Default: 3\nFETCH_TYPES_DCMP_ENABLED Enables fetching Daily Consumption Max Power data.Default: false\nFETCH_TYPES_DCMP_CATEGORY Category name when synchronising data.Default: energy\nFETCH_TYPES_DCMP_MEASUREMENT Measurement name when synchronising data.Default: dcmp\nFETCH_TYPES_DCMP_ERRORS_THRESHOLD The number of errors after which DCMP fetching is disabled for a device.Default: 3\nFETCH_TYPES_DP_ENABLED Enables fetching Daily Production data.Default: false\nFETCH_TYPES_DP_CATEGORY Category name when synchronising data.Default: energy\nFETCH_TYPES_DP_MEASUREMENT Measurement name when synchronising data.Default: dp\nFETCH_TYPES_DP_ERRORS_THRESHOLD The number of errors after which DP fetching is disabled for a device.Default: 3\n","pageTitle":"Data fetching","metaDescription":"","type":"Documentation","breadcrumbs":"Installation guide///Configuration///Modules","root":0,"depth":3}