{"objectID":"https://esthes.is/docs/edge_how_it_works.html#esthesis_core_data_sync","parent":"https://esthes.is/docs/edge_how_it_works.html#data_sync_types","pageViews":0,"url":"writerside-documentation/https://esthes.is/docs/edge/how-it-works.html#esthesis-core-data-sync","mainTitle":"How it works","product":"https://esthes.is/docs/edge","headings":"How it works,esthesis CORE data sync","content":"","pageTitle":"esthesis CORE data sync","metaDescription":"","type":"Documentation","breadcrumbs":"Users guide","root":0,"depth":1}