{"objectID":"https://esthes.is/docs/edge_enedis.html#configuration","parent":"https://esthes.is/docs/edge_enedis.html#requirements","pageViews":0,"url":"writerside-documentation/https://esthes.is/docs/edge/enedis.html#configuration","mainTitle":"Enedis module","product":"https://esthes.is/docs/edge","headings":"Enedis module,Configuration","content":"For a full list of configuration options for the Enedis module, please refer to the Enedis module configuration.\n","pageTitle":"Configuration","metaDescription":"","type":"Documentation","breadcrumbs":"Users guide///Modules","root":0,"depth":2}