{"objectID":"https://esthes.is/docs/edge_kubernetes.html#installation","parent":"https://esthes.is/docs/edge_kubernetes.html#requirements","pageViews":0,"url":"writerside-documentation/https://esthes.is/docs/edge/kubernetes.html#installation","mainTitle":"Kubernetes","product":"https://esthes.is/docs/edge","headings":"Kubernetes,Installation","content":"To install esthesis EDGE on Kubernetes, execute the following commands:\n","pageTitle":"Installation","metaDescription":"","type":"Documentation","breadcrumbs":"Installation guide","root":0,"depth":1}