{"objectID":"https://esthes.is/docs/edge_deddie.html#requirements","parent":"https://esthes.is/docs/edge_deddie.html#requirements","pageViews":0,"url":"writerside-documentation/https://esthes.is/docs/edge/deddie.html#requirements","mainTitle":"Deddie module","product":"https://esthes.is/docs/edge","headings":"Deddie module,Requirements","content":"To access data from the DEDDIE API, the following credentials are required:\n- Tax number / VAT number of the bill recipient - 9-digit electricity supply number (found on the electricity bill) - Access token, issued via the DEDDIE portal ","pageTitle":"Requirements","metaDescription":"","type":"Documentation","breadcrumbs":"Users guide///Modules","root":0,"depth":2}