{"objectID":"https://esthes.is/docs/edge_examples.html#compose_installation","parent":"https://esthes.is/docs/edge_examples.html#standalone_installation","pageViews":0,"url":"writerside-documentation/https://esthes.is/docs/edge/examples.html#compose-installation","mainTitle":"Examples","product":"https://esthes.is/docs/edge","headings":"Examples,Compose installation","content":"","pageTitle":"Compose installation","metaDescription":"","type":"Documentation","breadcrumbs":"Installation guide","root":0,"depth":1}