{"objectID":"https://esthes.is/docs/edge_enedis.html#requirements","parent":"https://esthes.is/docs/edge_enedis.html#requirements","pageViews":0,"url":"writerside-documentation/https://esthes.is/docs/edge/enedis.html#requirements","mainTitle":"Enedis module","product":"https://esthes.is/docs/edge","headings":"Enedis module,Requirements","content":"You need to have an Enedis application account, verified by Enedis, allowed to access the production Enedis DataHub API.\n","pageTitle":"Requirements","metaDescription":"","type":"Documentation","breadcrumbs":"Users guide///Modules","root":0,"depth":2}