{"objectID":"https://esthes.is/docs/edge_how_it_works.html#data_sync_types","parent":"https://esthes.is/docs/edge_how_it_works.html#fetching_data","pageViews":0,"url":"writerside-documentation/https://esthes.is/docs/edge/how-it-works.html#data-sync-types","mainTitle":"How it works","product":"https://esthes.is/docs/edge","headings":"How it works,Data sync types","content":"Once data is fetched into esthesis EDGE\u0027s local queue, it can then be synchronised with two targets: An InfluxDB database, and esthesis CORE. Both targets are optional, and you can enable or disable them in the configuration of esthesis EDGE.\nNote that although InfluxDB synchronisation is referred to as \u0026quot;local\u0026quot;, the actual InfluxDB database can be located on anywhere.\n","pageTitle":"Data sync types","metaDescription":"","type":"Documentation","breadcrumbs":"Users guide","root":0,"depth":1}