{"objectID":"https://esthes.is/docs/edge_enedis.html#initial_data_fetch","parent":"https://esthes.is/docs/edge_enedis.html#requirements","pageViews":0,"url":"writerside-documentation/https://esthes.is/docs/edge/enedis.html#initial-data-fetch","mainTitle":"Enedis module","product":"https://esthes.is/docs/edge","headings":"Enedis module,Initial data fetch","content":"When a new user is giving its consent to the Enedis module of esthesis EDGE, during the next data fetch cycle, the Enedis module will fetch the data for this user. How far back in time this initial data fetch goes can be configured in the Enedis module configuration, with a default value of 30 days.\n","pageTitle":"Initial data fetch","metaDescription":"","type":"Documentation","breadcrumbs":"Users guide///Modules","root":0,"depth":2}