{"objectID":"https://esthes.is/docs/edge_main_configuration.html#influxdb_configuration_local_data_sync","parent":"https://esthes.is/docs/edge_main_configuration.html#global_configuration","pageViews":0,"url":"writerside-documentation/https://esthes.is/docs/edge/main-configuration.html#influxdb-configuration-local-data-sync","mainTitle":"Main configuration","product":"https://esthes.is/docs/edge","headings":"Main configuration,InfluxDB configuration (local data sync)","content":"NAME DESCRIPTION\nESTHESIS_EDGE_LOCAL_ENABLED--set esthesis.edge.local.enabled Whether syncronising data to the InfluxDB database is enabled or not.Default: false\nESTHESIS_EDGE_LOCAL_INFLUX_DB_URL--set esthesis.edge.local.influxDb.url The URL of the InfluxDB database to use.Default: http://localhost:9086\nESTHESIS_EDGE_LOCAL_INFLUX_DB_TOKEN--set esthesis.edge.local.influxDb.token The token to use when connecting to the InfluxDB database.Default: esthesis-edge\nESTHESIS_EDGE_LOCAL_INFLUX_DB_BUCKET--set esthesis.edge.local.influxDb.bucket The bucket to use when connecting to the InfluxDB database.Default: edge\nESTHESIS_EDGE_LOCAL_INFLUX_DB_ORG--set esthesis.edge.local.influxDb.org The organisation to use when connecting to the InfluxDB database.Default: esthesis\nESTHESIS_EDGE_LOCAL_INFLUXD_DB_USERNAME The username to use when connecting to the InfluxDB database.Default: esthesis-system\nESTHESIS_EDGE_LOCAL_INFLUXD_DB_PASSWORD The password to use when connecting to the InfluxDB database.Default: esthesis-system\n","pageTitle":"InfluxDB configuration (local data sync)","metaDescription":"","type":"Documentation","breadcrumbs":"Installation guide///Configuration","root":0,"depth":2}