{"objectID":"https://esthes.is/docs/edge_container_engine.html#compose_installation","parent":"https://esthes.is/docs/edge_container_engine.html#requirements","pageViews":0,"url":"writerside-documentation/https://esthes.is/docs/edge/container-engine.html#compose-installation","mainTitle":"Container engine","product":"https://esthes.is/docs/edge","headings":"Container engine,Compose installation","content":"We provide a Docker Compose file, so that you can instantiate esthesis EDGE together with all its dependencies to support local data sync.\n","pageTitle":"Compose installation","metaDescription":"","type":"Documentation","breadcrumbs":"Installation guide","root":0,"depth":1}