{"objectID":"https://esthes.is/docs/edge_main_configuration.html#esthesis_core_configuration_core_data_sync","parent":"https://esthes.is/docs/edge_main_configuration.html#global_configuration","pageViews":0,"url":"writerside-documentation/https://esthes.is/docs/edge/main-configuration.html#esthesis-core-configuration-core-data-sync","mainTitle":"Main configuration","product":"https://esthes.is/docs/edge","headings":"Main configuration,esthesis CORE configuration (core data sync)","content":"NAME DESCRIPTION\nESTHESIS_EDGE_CORE_PUSH_ENABLED--set esthesis.edge.core.push.enabled Whether syncronising data to the esthesis CORE is enabled or not.Default: false\nESTHESIS_EDGE_CORE_PUSH_URL--set esthesis.edge.core.push.url The URL of the MQTT server used by esthesis CORE to use.Default: ssl://mosquitto.esthesis:8883\nESTHESIS_EDGE_CORE_PUSH_TOPIC_TELEMETRY--set esthesis.edge.core.push.topicTelemetry The topic to use when pushing telemetry data to esthesis CORE.Default: esthesis/telemetry\nESTHESIS_EDGE_CORE_PUSH_TOPIC_PING--set esthesis.edge.core.push.topicPing The topic to use when pushing ping data to esthesis CORE.Default: esthesis/ping\nESTHESIS_EDGE_CORE_REGISTRATION_ENABLED--set esthesis.edge.core.registration.enabled Whether new esthesis EDGE devices are registered as devices in esthesis CORE or not.Default: false\nESTHESIS_EDGE_CORE_REGISTRATION_SECRET--set esthesis.edge.core.registration.secret The secret token to use when registering new devices in esthesis CORE.\nESTHESIS_EDGE_CORE_TAGS--set esthesis.edge.core.registration.tags The tags used to identify the device in esthesis CORE.Default: edge\nESTHESIS_EDGE_CORE_KEY_ALGORITHM--set esthesis.edge.core.keyAlgorithm The algorithm used to generate the device keys by esthesis CORE.Default: RSA\nESTHESIS_EDGE_CORE_CERT--set esthesis.edge.core.cert esthesis CORE certificate in Base64 format. Needed when connecting to MQTT via ssl://.\n","pageTitle":"esthesis CORE configuration (core data sync)","metaDescription":"","type":"Documentation","breadcrumbs":"Installation guide///Configuration","root":0,"depth":2}