{"objectID":"https://esthes.is/docs/edge_enedisconfiguration.html#EnedisConfiguration.md","parent":"https://esthes.is/docs/edge_enedisconfiguration.html#general_configuration","pageViews":0,"url":"writerside-documentation/https://esthes.is/docs/edge/enedisconfiguration.html#EnedisConfiguration.md","mainTitle":"Enedis","product":"https://esthes.is/docs/edge","headings":"Enedis","content":"The configuration for the esthesis EDGE Enedis module consists of the following parameters.\n","pageTitle":"Enedis","metaDescription":"","type":"Documentation","breadcrumbs":"Installation guide///Configuration///Modules","root":0,"depth":3}