{"objectID":"https://esthes.is/docs/edge_developers_guide.html#configuration","parent":"https://esthes.is/docs/edge_developers_guide.html#creating_new_modules","pageViews":0,"url":"writerside-documentation/https://esthes.is/docs/edge/developers-guide.html#configuration","mainTitle":"Developers guide","product":"https://esthes.is/docs/edge","headings":"Developers guide,Configuration","content":"Depending on the nature of your module, make sure you provide ample configuration options for the users; you should think how other users might use your module and what kind of configuration options they might need. For example, if you are creating a module that fetches weather data, you should provide configuration options for the user to set the location, the units, the API key, etc. You can add your module\u0027s configuration options in esthesis EDGE main configuration file, application.yaml, under a new section named esthesis.edge.modules.modulename.\n","pageTitle":"Configuration","metaDescription":"","type":"Documentation","breadcrumbs":"","root":0,"depth":0}