{"objectID":"https://esthes.is/docs/edge_developers_guide.html#devices_configuration","parent":"https://esthes.is/docs/edge_developers_guide.html#creating_new_modules","pageViews":0,"url":"writerside-documentation/https://esthes.is/docs/edge/developers-guide.html#devices-configuration","mainTitle":"Developers guide","product":"https://esthes.is/docs/edge","headings":"Developers guide,Devices configuration","content":"You can maintain device-specific configuration in esthesis EDGE. This configuration is stored in the MariaDB of esthesis EDGE. You can maintain any number of configuration options for each device, and you can update them at any time.\nesthesis EDGE provides a DeviceService class that can help you create devices and maintain their configuration. ","pageTitle":"Devices configuration","metaDescription":"","type":"Documentation","breadcrumbs":"","root":0,"depth":0}