{"objectID":"https://esthes.is/docs/edge_examples.html#Examples.md","parent":"https://esthes.is/docs/edge_examples.html#standalone_installation","pageViews":0,"url":"writerside-documentation/https://esthes.is/docs/edge/examples.html#Examples.md","mainTitle":"Examples","product":"https://esthes.is/docs/edge","headings":"Examples","content":"Here are some possible examples of setting up esthesis EDGE in different environments. Those examples contain sample values for some of the critical environment variables, and you should replace them with your own values.\n","pageTitle":"Examples","metaDescription":"","type":"Documentation","breadcrumbs":"Installation guide","root":0,"depth":1}