{"objectID":"https://esthes.is/docs/edge_main_configuration.html#Main_configuration.md","parent":"https://esthes.is/docs/edge_main_configuration.html#global_configuration","pageViews":0,"url":"writerside-documentation/https://esthes.is/docs/edge/main-configuration.html#Main-configuration.md","mainTitle":"Main configuration","product":"https://esthes.is/docs/edge","headings":"Main configuration","content":"The main configuration options of esthesis EDGE consist of the following parameters:\n","pageTitle":"Main configuration","metaDescription":"","type":"Documentation","breadcrumbs":"Installation guide///Configuration","root":0,"depth":2}