{"objectID":"https://esthes.is/docs/edge_deddie.html#data_types","parent":"https://esthes.is/docs/edge_deddie.html#requirements","pageViews":0,"url":"writerside-documentation/https://esthes.is/docs/edge/deddie.html#data-types","mainTitle":"Deddie module","product":"https://esthes.is/docs/edge","headings":"Deddie module,Data types","content":"As mentioned, the DEDDIE module handles four types of data, which we name:\n- Curve Active Consumption (CAC) - Curve Reactive Power (CRP) - Curve Energy Produced (CEP) - Curve Energy Injected (CEI) All data is retrieved in 15-minute intervals, which is the most granular resolution provided by the DEDDIE API.\n","pageTitle":"Data types","metaDescription":"","type":"Documentation","breadcrumbs":"Users guide///Modules","root":0,"depth":2}