{"objectID":"https://esthes.is/docs/edge_developers_guide.html#Developers_guide.md","parent":"https://esthes.is/docs/edge_developers_guide.html#Developers_guide.md","pageViews":0,"url":"writerside-documentation/https://esthes.is/docs/edge/developers-guide.html#Developers-guide.md","mainTitle":"Developers guide","product":"https://esthes.is/docs/edge","headings":"Developers guide","content":"Start typing here...\n","pageTitle":"Developers guide","metaDescription":"","type":"Documentation","breadcrumbs":"","root":0,"depth":0}