{"objectID":"https://esthes.is/docs/edge_deddie.html#self_registration","parent":"https://esthes.is/docs/edge_deddie.html#requirements","pageViews":0,"url":"writerside-documentation/https://esthes.is/docs/edge/deddie.html#self-registration","mainTitle":"Deddie module","product":"https://esthes.is/docs/edge","headings":"Deddie module,Self-registration","content":"NAME DESCRIPTION\nESTHESIS_EDGE_MODULES_DEDDIE_SELF_REGISTRATION_ENABLED--set esthesis.edge.modules.deddie.selfRegistration.enabled Enables the self-registration page for DEDDIE\u0027s end-users.Default: true\nESTHESIS_EDGE_MODULES_DEDDIE_SELF_REGISTRATION_PAGE_LOGO1_URL--set esthesis.edge.modules.deddie.selfRegistration.page.logo1Url The URL of the first logo to be displayed in the self-registration page.Default: https://deddie.gr/images/svgs/deddie-el.svg\nESTHESIS_EDGE_MODULES_DEDDIE_SELF_REGISTRATION_PAGE_LOGO1_ALT--set esthesis.edge.modules.deddie.selfRegistration.page.logo1Alt The alt text of the first logo to be displayed in the self-registration page.Default: Deddie\nESTHESIS_EDGE_MODULES_DEDDIE_SELF_REGISTRATION_PAGE_LOGO2_URL--set esthesis.edge.modules.deddie.selfRegistration.page.logo2Url The URL of the second logo to be displayed in the self-registration page.Default: https://www.eurodyn.com/wp-content/uploads/2018/11/logo_ed.png\nESTHESIS_EDGE_MODULES_DEDDIE_SELF_REGISTRATION_PAGE_LOGO2_ALT--set esthesis.edge.modules.deddie.selfRegistration.page.logo2Alt The alt text of the second logo to be displayed in the self-registration page.Default: European Dynamics\nESTHESIS_EDGE_MODULES_DEDDIE_SELF_REGISTRATION_PAGE_LOGO3_URL--set esthesis.edge.modules.deddie.selfRegistration.page.logo3Url The URL of the second logo to be displayed in the self-registration page.Default: https://esthes.is/docs/edge/images/logo.png\nESTHESIS_EDGE_MODULES_DEDDIE_SELF_REGISTRATION_PAGE_LOGO3_ALT--set esthesis.edge.modules.deddie.selfRegistration.page.logo3Alt The alt text of the third logo to be displayed in the self-registration page.Default: esthesis EDGE\nESTHESIS_EDGE_MODULES_DEDDIE_SELF_REGISTRATION_PAGE_REGISTRATION_TITLE--set esthesis.edge.modules.deddie.selfRegistration.page.registration.title The title of the self-registration page.Default: DEDDIE Data Registration\nESTHESIS_EDGE_MODULES_DEDDIE_SELF_REGISTRATION_PAGE_REGISTRATION_MESSAGE--set esthesis.edge.modules.deddie.selfRegistration.page.registration.message The text of the self-registration page.Default: Please provide your Tax Number and the Access Token obtained from DEDDIE\u0027s Metering Data Portal. Optionally, you may enter one or more Supply Numbers. If no Supply Numbers are provided, all supplies linked to your Tax Number will be retrieved.\nESTHESIS_EDGE_MODULES_DEDDIE_SELF_REGISTRATION_PAGE_REGISTRATION_PLACEHOLDER_TAX_NUMBER--set esthesis.edge.modules.deddie.selfRegistration.page.registration.placeholderTaxNumber The placeholder text of the tax number input in the self-registration page.Default: Tax Number (required).\nESTHESIS_EDGE_MODULES_DEDDIE_SELF_REGISTRATION_PAGE_REGISTRATION_PLACEHOLDER_ACCESS_TOKEN--set esthesis.edge.modules.deddie.selfRegistration.page.registration.placeholderAccessToken The placeholder text of the access token input in the self-registration page.Default: Access Token (required).\nESTHESIS_EDGE_MODULES_DEDDIE_SELF_REGISTRATION_PAGE_REGISTRATION_PLACEHOLDER_SUPPLY_NUMBER--set esthesis.edge.modules.deddie.selfRegistration.page.registration.placeholderSupplyNumber The placeholder text of the supply number input in the self-registration page.Default: Supply Number (optional).\nESTHESIS_EDGE_MODULES_DEDDIE_SELF_REGISTRATION_PAGE_SUCCESS_TITLE--set esthesis.edge.modules.deddie.selfRegistration.page.success.title The title of the successful registration page.Default: Registration Successful\nESTHESIS_EDGE_MODULES_DEDDIE_SELF_REGISTRATION_PAGE_SUCCESS_MESSAGE--set esthesis.edge.modules.deddie.selfRegistration.page.success.message The text of the successful registration page.Default: Your information has been registered successfully. You may now close this window.\nESTHESIS_EDGE_MODULES_DEDDIE_SELF_REGISTRATION_PAGE_ERROR_TITLE--set esthesis.edge.modules.deddie.selfRegistration.page.error.title The title of the unsuccessful registration page.Default: Registration Failed\nESTHESIS_EDGE_MODULES_DEDDIE_SELF_REGISTRATION_PAGE_ERROR_MESSAGE--set esthesis.edge.modules.deddie.selfRegistration.page.error.message The text of the unsuccessful registration page.Default: We were unable to complete your registration. Please verify the information provided and try again.\n","pageTitle":"Self-registration","metaDescription":"","type":"Documentation","breadcrumbs":"Users guide///Modules","root":0,"depth":2}