{"objectID":"https://esthes.is/docs/edge_enedisconfiguration.html#self_registration","parent":"https://esthes.is/docs/edge_enedisconfiguration.html#general_configuration","pageViews":0,"url":"writerside-documentation/https://esthes.is/docs/edge/enedisconfiguration.html#self-registration","mainTitle":"Enedis","product":"https://esthes.is/docs/edge","headings":"Enedis,Self-registration","content":"NAME DESCRIPTION\nESTHESIS_EDGE_MODULES_ENEDIS_SELF_REGISTRATION_ENABLED--set esthesis.edge.modules.enedis.selfRegistration.enabled Enables the self-registration page for Enedis\u0027 end-users.Default: false\nESTHESIS_EDGE_MODULES_ENEDIS_SELF_REGISTRATION_STATE_CHECKING--set esthesis.edge.modules.enedis.selfRegistration.stateChecking Enables checking the registration state when a user is redirected back from Enedis API to esthesis EDGE.Default: false\nESTHESIS_EDGE_MODULES_ENEDIS_SELF_REGISTRATION_WELCOME_URL--set esthesis.edge.modules.enedis.selfRegistration.welcomeUrl If set, instead of showing an internal self-registration page the user is redirected to this url.\nESTHESIS_EDGE_MODULES_ENEDIS_SELF_REGISTRATION_REDIRECT_URL--set esthesis.edge.modules.enedis.selfRegistration.redirectUrl The URL Enedis API is instructed to redirect the user after consent.Default: http://localhost:8080\nESTHESIS_EDGE_MODULES_ENEDIS_SELF_REGISTRATION_DURATION--set esthesis.edge.modules.enedis.selfRegistration.duration The consent duration requested from Enedis API.Default: P1Y\nESTHESIS_EDGE_MODULES_ENEDIS_SELF_REGISTRATION_PAGE_LOGO1_URL--set esthesis.edge.modules.enedis.selfRegistration.page.logo1Url The URL of the first logo to be displayed in the self-registration page.\nESTHESIS_EDGE_MODULES_ENEDIS_SELF_REGISTRATION_PAGE_LOGO1_ALT--set esthesis.edge.modules.enedis.selfRegistration.page.logo1Alt The alt text of the first logo to be displayed in the self-registration page.\nESTHESIS_EDGE_MODULES_ENEDIS_SELF_REGISTRATION_PAGE_LOGO2_URL--set esthesis.edge.modules.enedis.selfRegistration.page.logo2Url The URL of the second logo to be displayed in the self-registration page.\nESTHESIS_EDGE_MODULES_ENEDIS_SELF_REGISTRATION_PAGE_LOGO2_ALT--set esthesis.edge.modules.enedis.selfRegistration.page.logo2Alt The alt text of the second logo to be displayed in the self-registration page.\nESTHESIS_EDGE_MODULES_ENEDIS_SELF_REGISTRATION_PAGE_LOGO3_URL--set esthesis.edge.modules.enedis.selfRegistration.page.logo3Url The URL of the second logo to be displayed in the self-registration page.\nESTHESIS_EDGE_MODULES_ENEDIS_SELF_REGISTRATION_PAGE_LOGO3_ALT--set esthesis.edge.modules.enedis.selfRegistration.page.logo3Alt The alt text of the third logo to be displayed in the self-registration page.\nESTHESIS_EDGE_MODULES_ENEDIS_SELF_REGISTRATION_PAGE_BUTTON_URL--set esthesis.edge.modules.enedis.selfRegistration.page.buttonUrl The URL of the image being displayed on the Enedis forward button.\nESTHESIS_EDGE_MODULES_ENEDIS_SELF_REGISTRATION_PAGE_REGISTRATION_TITLE--set esthesis.edge.modules.enedis.selfRegistration.page.registration.title The title of the self-registration page.Default: Connect your Enedis account\nESTHESIS_EDGE_MODULES_ENEDIS_SELF_REGISTRATION_PAGE_REGISTRATION_MESSAGE--set esthesis.edge.modules.enedis.selfRegistration.page.registration.message The text of the self-registration page.Default: You will be redirected to Enedis, where you have to authenticate with your Enedis account, and authorise this application to retrieve your electricity consumption data. The authorisation will be valid for 1 year. Your data will be used by us to provide you with insights and recommendations on how to save energy.\nESTHESIS_EDGE_MODULES_ENEDIS_SELF_REGISTRATION_PAGE_SUCCESS_TITLE--set esthesis.edge.modules.enedis.selfRegistration.page.success.title The title of the successful registration page.Default: Account connected\nESTHESIS_EDGE_MODULES_ENEDIS_SELF_REGISTRATION_PAGE_SUCCESS_MESSAGE--set esthesis.edge.modules.enedis.selfRegistration.page.success.message The text of the successful registration page.Default: Your account was successfully connected, you may now close this window.\nESTHESIS_EDGE_MODULES_ENEDIS_SELF_REGISTRATION_PAGE_ERROR_TITLE--set esthesis.edge.modules.enedis.selfRegistration.page.error.title The title of the unsuccessful registration page.Default: Error connecting account\nESTHESIS_EDGE_MODULES_ENEDIS_SELF_REGISTRATION_PAGE_ERROR_MESSAGE--set esthesis.edge.modules.enedis.selfRegistration.page.error.message The text of the unsuccessful registration page.Default: An error occurred while connecting your account. Please try again later.\n","pageTitle":"Self-registration","metaDescription":"","type":"Documentation","breadcrumbs":"Installation guide///Configuration///Modules","root":0,"depth":3}