{"objectID":"https://esthes.is/docs/edge_enedisconfiguration.html#general_configuration","parent":"https://esthes.is/docs/edge_enedisconfiguration.html#general_configuration","pageViews":0,"url":"writerside-documentation/https://esthes.is/docs/edge/enedisconfiguration.html#general-configuration","mainTitle":"Enedis","product":"https://esthes.is/docs/edge","headings":"Enedis,General configuration","content":"NAME DESCRIPTION\nESTHESIS_EDGE_MODULES_ENEDIS_ENABLED--set esthesis.edge.modules.enedis.enabled Whether the Enedis module is enabled or not.Default: false\nESTHESIS_EDGE_MODULES_ENEDIS_CRON--set esthesis.edge.modules.enedis.cron A Quartz-type cron expression, specifying the frequency in which the Enedis module tries to fetch data from the Enedis API.Default: 0 0 6 * * ?\nESTHESIS_EDGE_MODULES_ENEDIS_MAX_DEVICES--set esthesis.edge.modules.enedis.maxDevices The total number of Enedis devices that can be registered in estehesis EDGE.Default: 1000\nESTHESIS_EDGE_MODULES_ENEDIS_PAST_DAYS_INIT--set esthesis.edge.modules.enedis.pastDaysInit The number of days in the past to fetch data from the Enedis API for a newly registered device.Default: 30\nESTHESIS_EDGE_MODULES_ENEDIS_CLIENT_ID--set esthesis.edge.modules.enedis.clientId The client ID to use when connecting to the Enedis API.Default: esthesis-edge\nESTHESIS_EDGE_MODULES_ENEDIS_CLIENT_SECRET--set esthesis.edge.modules.enedis.clientSecret The client secret to use when connecting to the Enedis API.Default: esthesis-edge\nQUARKUS_REST_CLIENT_ENEDIS_CLIENT--set quarkus.restClient.EnedisClient The URL of the Enedis API.Default: https://gw.ext.prod-sandbox.api.enedis.fr\n","pageTitle":"General configuration","metaDescription":"","type":"Documentation","breadcrumbs":"Installation guide///Configuration///Modules","root":0,"depth":3}