{"objectID":"https://esthes.is/docs/edge_users_guide.html#Users_guide.md","parent":"https://esthes.is/docs/edge_users_guide.html#Users_guide.md","pageViews":0,"url":"writerside-documentation/https://esthes.is/docs/edge/users-guide.html#Users-guide.md","mainTitle":"Users guide","product":"https://esthes.is/docs/edge","headings":"Users guide","content":"The following sections provide information on how to use esthesis EDGE.\n- - Modules - Enedis - Modules - Fronius ","pageTitle":"Users guide","metaDescription":"","type":"Documentation","breadcrumbs":"","root":0,"depth":0}