{"objectID":"https://esthes.is/docs/edge_main_configuration.html#global_configuration","parent":"https://esthes.is/docs/edge_main_configuration.html#global_configuration","pageViews":0,"url":"writerside-documentation/https://esthes.is/docs/edge/main-configuration.html#global-configuration","mainTitle":"Main configuration","product":"https://esthes.is/docs/edge","headings":"Main configuration,Global configuration","content":"NAME DESCRIPTION\n--set global.imagePullSecrets The name of the secret to use when pulling the esthesis EDGE image from the registry.\n--set global.storageClass The storage class to use when creating persistent volumes.\nESTHESIS_REGISTRY--set global.esthesisRegistry The URL of the esthesis registry to use when pulling images.\n--set global.timezone The timezone to use when running the esthesis EDGE service.\n","pageTitle":"Global configuration","metaDescription":"","type":"Documentation","breadcrumbs":"Installation guide///Configuration","root":0,"depth":2}