{"objectID":"https://esthes.is/docs/edge_how_it_works.html#How_it_works.md","parent":"https://esthes.is/docs/edge_how_it_works.html#fetching_data","pageViews":0,"url":"writerside-documentation/https://esthes.is/docs/edge/how-it-works.html#How-it-works.md","mainTitle":"How it works","product":"https://esthes.is/docs/edge","headings":"How it works","content":"esthesis EDGE allows you to fetch data from external systems into a local InfluxDB database, as well as to synchronise data with esthesis CORE.\nThe data sources of esthesis EDGE, named \u0027modules\u0027, allow you to have one instance of esthesis EDGE fetching data from multiple third-party systems. Modules are developed in an incremental fashion, provided a third-party system is of a nature that may be of interest to other users. If you want to integrate a third-party system into esthesis EDGE, please suggest so in our GitHub repository.\nFetching data from third-party system and the synchronising it is a two-step process as presented next.\n---\ntitle: How data is moved in esthesis EDGE\n---\nsequenceDiagram\n    esthesis EDGE--\u0026gt;\u0026gt;+Module A: Cron trigger \n    Module A-\u0026gt;\u0026gt;System A: Fetch data\n    System A-\u0026gt;\u0026gt;Module A: Return data\n    Module A-\u0026gt;\u0026gt;-esthesis EDGE: Post data\n    esthesis EDGE-\u0026gt;\u0026gt;MariaDB: Queue data\n\n    esthesis EDGE--\u0026gt;\u0026gt;+esthesis EDGE: Cron trigger\n    esthesis EDGE-\u0026gt;\u0026gt;InfluxDB: Synchronise\n    esthesis EDGE-\u0026gt;\u0026gt;-MQTT server: Synchronise\n\n    esthesis CORE--\u0026gt;\u0026gt;+MQTT server: Update\n","pageTitle":"How it works","metaDescription":"","type":"Documentation","breadcrumbs":"Users guide","root":0,"depth":1}