{"objectID":"https://esthes.is/docs/edge_container_engine.html#compose_installation","parent":"https://esthes.is/docs/edge_container_engine.html#requirements","pageViews":0,"url":"writerside-documentation/https://esthes.is/docs/edge/container-engine.html#compose-installation","mainTitle":"Container engine","product":"https://esthes.is/docs/edge","headings":"Container engine,Compose installation","content":"A Docker Compose file is provided to instantiate esthesis EDGE together with all its dependencies to support local data sync. The default configuration will instantiate esthesis EDGE, together with a MariaDB database, as well as an InfluxDB database. You can download the Docker Compose file from the esthesis EDGE GitHub repository, or download it with ORAS via: oras pull docker.io/esthesisiot/esthesis-edge-docker-compose:latest\nTo start esthesis EDGE with Docker Compose, execute:\ndocker compose up\nNeither standalone nor compose installations will initiate any of the modules of esthesis EDGE. To start a module you need to specify the relevant module configuration options. For a full list of configuration options, see the Configuration section of the documentation. Both standalone and compose installations reference the \"latest\" version of esthesis EDGE. If you are using either for a production installation, it is highly recommended to specify a version tag to ensure the stability of your deployment. ","pageTitle":"Compose installation","metaDescription":"","type":"Documentation","breadcrumbs":"Installation guide","root":0,"depth":1}