{"objectID":"https://esthes.is/docs/edge_modulesconfiguration.html#ModulesConfiguration.md","parent":"https://esthes.is/docs/edge_modulesconfiguration.html#ModulesConfiguration.md","pageViews":0,"url":"writerside-documentation/https://esthes.is/docs/edge/modulesconfiguration.html#ModulesConfiguration.md","mainTitle":"Modules","product":"https://esthes.is/docs/edge","headings":"Modules","content":"Each esthesis EDGE module has its own configuration parameters:\n- Enedis configuration - Fronius configuration ","pageTitle":"Modules","metaDescription":"","type":"Documentation","breadcrumbs":"Installation guide///Configuration","root":0,"depth":2}