{"objectID":"https://esthes.is/docs/edge_how_it_works.html#data_sync_types","parent":"https://esthes.is/docs/edge_how_it_works.html#data_sync_types","pageViews":0,"url":"writerside-documentation/https://esthes.is/docs/edge/how-it-works.html#data-sync-types","mainTitle":"How it works","product":"https://esthes.is/docs/edge","headings":"How it works,Data sync types","content":"","pageTitle":"Data sync types","metaDescription":"","type":"Documentation","breadcrumbs":"Users guide","root":0,"depth":1}