{"objectID":"https://esthes.is/docs/edge_deddie.html#Deddie.md","parent":"https://esthes.is/docs/edge_deddie.html#requirements","pageViews":0,"url":"writerside-documentation/https://esthes.is/docs/edge/deddie.html#Deddie.md","mainTitle":"Deddie module","product":"https://esthes.is/docs/edge","headings":"Deddie module","content":"The esthesis EDGE DEDDIE module allows you to fetch data from the DEDDIE Metering API.\nThe module supports fetching 15-minute interval curves for the four available class types:\n- Active - Reactive - Produced - Injected ","pageTitle":"Deddie module","metaDescription":"","type":"Documentation","breadcrumbs":"Users guide///Modules","root":0,"depth":2}