{"objectID":"https://esthes.is/docs/edge_main.html#general_configuration","parent":"https://esthes.is/docs/edge_main.html#general_configuration","pageViews":0,"url":"writerside-documentation/https://esthes.is/docs/edge/main.html#general-configuration","mainTitle":"Main configuration","product":"https://esthes.is/docs/edge","headings":"Main configuration,General configuration","content":"NAME DESCRIPTION\nQUARKUS_DATASOURCE_USERNAME The username to connect with to the MariaDB database.Default: esthesis-edge\nQUARKUS_DATASOURCE_PASSWORD The password to connect with to the MariaDB database.Default: esthesis-edge\nQUARKUS_DATASOURCE_JDBC_URL The JDBC URL of the MariaDB database to use.Default: jdbc:mariadb://localhost:4306/esthesis-edge\nQUARKUS_REST_CLIENT_ESTHESIS_AGENT_SERVICE_CLIENT The URL of the esthesis Agent Service.Default: http://localhost:59070\nQUARKUS_REST_CLIENT_ENEDIS_CLIENT The URL of the Enedis API.Default: https://ext.prod-sandbox.api.enedis.fr\nESTHESIS_EDGE_ADMIN_SECRET A secret token to use when calling the admin API.Default: ca820829-328f-41e0-9207-ef42372f94c3\nESTHESIS_EDGE_SYNC_CRON A Quartz-type cron expression, specifying the frequency in which esthesis EDGE tries to syncronise queued data to InfluxDB and esthesis CORE.Default: 0 0 * * * ?\nESTHESIS_EDGE_PURGE_CRON A Quartz-type cron expression, specifying the frequency in which data purge is initiated.Default: 0 0 0 * * ?\nESTHESIS_EDGE_PURGE_SUCCESSFUL_MINUTES The number of minutes after which successfully synced data is purged.Default: 60\nESTHESIS_EDGE_PURGE_QUEUED_MINUTES The number of minutes after which queued data is purged.Default: 10080 (1 week)\n","pageTitle":"General configuration","metaDescription":"","type":"Documentation","breadcrumbs":"Installation guide///Configuration","root":0,"depth":2}