{"objectID":"https://esthes.is/docs/edge_main_configuration.html#general_configuration","parent":"https://esthes.is/docs/edge_main_configuration.html#global_configuration","pageViews":0,"url":"writerside-documentation/https://esthes.is/docs/edge/main-configuration.html#general-configuration","mainTitle":"Main configuration","product":"https://esthes.is/docs/edge","headings":"Main configuration,General configuration","content":"NAME DESCRIPTION\nQUARKUS_DATASOURCE_USERNAME--set quarkus.datasource.username The username to connect with to the MariaDB database.Default: esthesis-edge\nQUARKUS_DATASOURCE_PASSWORD--set quarkus.datasource.password The password to connect with to the MariaDB database.Default: esthesis-edge\nQUARKUS_DATASOURCE_JDBC_URL--set quarkus.datasource.jdbc.url The JDBC URL of the MariaDB database to use.Default: jdbc:mariadb://localhost:4306/esthesis-edge\nQUARKUS_DATASOURCE_DB_NAME--set mariadb.auth.database The name of the database to use in the MariaDB database.Default: esthesis-edge\nQUARKUS_REST_CLIENT_ESTHESIS_AGENT_SERVICE_CLIENT_URL--set quarkus.restClient.esthesisAgentServiceClient.url The URL of the esthesis Agent Service.Default: http://localhost:59070\nESTHESIS_EDGE_ADMIN_SECRET--set esthesis.edge.admin.secret A secret token to use when calling the admin API.Default: ca820829-328f-41e0-9207-ef42372f94c3\nESTHESIS_EDGE_SYNC_CRON--set esthesis.edge.sync.cron A Quartz-type cron expression, specifying the frequency in which esthesis EDGE tries to syncronise queued data to InfluxDB and esthesis CORE.Default: 0 0 * * * ?\nESTHESIS_EDGE_PURGE_CRON--set esthesis.edge.purge.cron A Quartz-type cron expression, specifying the frequency in which data purge is initiated.Default: 0 0 0 * * ?\nESTHESIS_EDGE_PURGE_SUCCESSFUL_MINUTES--set esthesis.edge.purge.successfulMinutes The number of minutes after which successfully synced data is purged.Default: 60\nESTHESIS_EDGE_PURGE_QUEUED_MINUTES--set esthesis.edge.queuedMinutes The number of minutes after which queued data is purged.Default: 10080 (1 week)\n","pageTitle":"General configuration","metaDescription":"","type":"Documentation","breadcrumbs":"Installation guide///Configuration","root":0,"depth":2}