{"objectID":"https://esthes.is/docs/edge_configuration.html#Configuration.md","parent":"https://esthes.is/docs/edge_configuration.html#Configuration.md","pageViews":0,"url":"writerside-documentation/https://esthes.is/docs/edge/configuration.html#Configuration.md","mainTitle":"Configuration","product":"https://esthes.is/docs/edge","headings":"Configuration","content":"Start typing here...\n","pageTitle":"Configuration","metaDescription":"","type":"Documentation","breadcrumbs":"Installation guide","root":0,"depth":1}