{"objectID":"https://esthes.is/docs/edge_deddie.html#self_registration_and_token_renewal","parent":"https://esthes.is/docs/edge_deddie.html#requirements","pageViews":0,"url":"writerside-documentation/https://esthes.is/docs/edge/deddie.html#self-registration-and-token-renewal","mainTitle":"Deddie module","product":"https://esthes.is/docs/edge","headings":"Deddie module,Self-registration and token renewal","content":"For esthesis EDGE to fetch data from the DEDDIE Metering API, users must first register their DEDDIE credentials themselves.\nThe process begins when the user visits the self-registration page, available at the /deddie/public/self-registration endpoint, and fills out a form with the required credentials (Tax number, Access token, and Supply numbers). After submitting the form, the credentials are stored, and the application can begin fetching data.\nThis self-registration page can be customized with three images, a custom title, a message, and placeholder text for each credential input:\ndeddie-self-registration-page.png Since the Tax number is the primary key for identifying a user in the DEDDIE API, this page also serves as the entry point for updating an access token once it expires.\nWhen a user submits the form, the provided data is validated against the DEDDIE API. If validation succeeds, the setup is complete, and during the next data-fetch cycle, the user’s data will be retrieved.\n","pageTitle":"Self-registration and token renewal","metaDescription":"","type":"Documentation","breadcrumbs":"Users guide///Modules","root":0,"depth":2}