{"objectID":"https://esthes.is/docs/edge_configuration.html#Configuration.md","parent":"https://esthes.is/docs/edge_configuration.html#Configuration.md","pageViews":0,"url":"writerside-documentation/https://esthes.is/docs/edge/configuration.html#Configuration.md","mainTitle":"Configuration","product":"https://esthes.is/docs/edge","headings":"Configuration","content":"esthesis EDGE configuration comes in two parts: The configuration of eshtesis EDGE itself, and the configuration of the supported modules. According to the initial installation method (standalone container, compose, or Kubernetes), configuration parameters should be specified in the appropriate configuration file/method.\nYou can find the configuration options in the following sections of the documentation:\n- - Enedis module configuration ","pageTitle":"Configuration","metaDescription":"","type":"Documentation","breadcrumbs":"Installation guide","root":0,"depth":1}