{"objectID":"https://esthes.is/docs/edge_kubernetes.html#Kubernetes.md","parent":"https://esthes.is/docs/edge_kubernetes.html#requirements","pageViews":0,"url":"writerside-documentation/https://esthes.is/docs/edge/kubernetes.html#Kubernetes.md","mainTitle":"Kubernetes","product":"https://esthes.is/docs/edge","headings":"Kubernetes","content":"esthesis EDGE can be installed on Kubernetes using Helm. The Helm chart is available as an OCI artifact in the esthesis EDGE GitHub Docker Hub repository.\n","pageTitle":"Kubernetes","metaDescription":"","type":"Documentation","breadcrumbs":"Installation guide","root":0,"depth":1}