{"objectID":"https://esthes.is/docs/edge_container_engine.html#standalone_installation","parent":"https://esthes.is/docs/edge_container_engine.html#requirements","pageViews":0,"url":"writerside-documentation/https://esthes.is/docs/edge/container-engine.html#standalone-installation","mainTitle":"Container engine","product":"https://esthes.is/docs/edge","headings":"Container engine,Standalone installation","content":"The standalone installation instantiates esthesis EDGE in your container engine without bringing up additional components, such as MariaDB and InfluxDB. At minimum, you need to provide access to a MariaDB for your container to be operational.\nThe following command demonstrates how you can start esthesis EDGE as a Docker container, specifying a minimal configuration providing local data sync to an existing MariaDB. For a full list of configuration option, see .\ndocker run \\\n    -p 8080:8080 \\\n    -e QUARKUS_DATASOURCE_JDBC_URL\u003djdbc:mariadb://some-mariadb:3306/esthesis-edge \\\n    -e QUARKUS_DATASOURCE_USERNAME\u003droot \\\n    -e QUARKUS_DATASOURCE_PASSWORD\u003droot\n    esthesisiot/esthesis-edge:latest\nYou can quickly test esthesis EDGE is up and running by executing:\ncurl localhost:8080/q/health\n","pageTitle":"Standalone installation","metaDescription":"","type":"Documentation","breadcrumbs":"Installation guide","root":0,"depth":1}