{"objectID":"https://esthes.is/docs/edge_examples.html#open_enedis_self_registration_page","parent":"https://esthes.is/docs/edge_examples.html#standalone_installation","pageViews":0,"url":"writerside-documentation/https://esthes.is/docs/edge/examples.html#open-enedis-self-registration-page","mainTitle":"Examples","product":"https://esthes.is/docs/edge","headings":"Examples,Open Enedis self-registration page","content":"","pageTitle":"Open Enedis self-registration page","metaDescription":"","type":"Documentation","breadcrumbs":"Installation guide","root":0,"depth":1}