{"objectID":"https://esthes.is/docs/edge_how_it_works.html#local_data_sync","parent":"https://esthes.is/docs/edge_how_it_works.html#fetching_data","pageViews":0,"url":"writerside-documentation/https://esthes.is/docs/edge/how-it-works.html#local-data-sync","mainTitle":"How it works","product":"https://esthes.is/docs/edge","headings":"How it works,Local data sync","content":"Local data sync allows you to store data fetched from third-party systems, queued to esthesis EDGE\u0027s MariaDB, to an InfluxDB database. This is useful if you want to store data for a longer period, or if you want to use the data in InfluxDB for further processing.\nThe frequency of synchronising data with InfluxDB is configurable.\n","pageTitle":"Local data sync","metaDescription":"","type":"Documentation","breadcrumbs":"Users guide","root":0,"depth":1}