{"objectID":"https://esthes.is/docs/edge_installation_guide.html#Installation_guide.md","parent":"https://esthes.is/docs/edge_installation_guide.html#Installation_guide.md","pageViews":0,"url":"writerside-documentation/https://esthes.is/docs/edge/installation-guide.html#Installation-guide.md","mainTitle":"Installation guide","product":"https://esthes.is/docs/edge","headings":"Installation guide","content":"esthesis EDGE can be deployed using a container engine, or in a Kubernetes cluster:\n- Container engine installation guide - Kubernetes installation guide ","pageTitle":"Installation guide","metaDescription":"","type":"Documentation","breadcrumbs":"","root":0,"depth":0}