{"objectID":"https://esthes.is/docs/edge_how_it_works.html#How_it_works.md","parent":"https://esthes.is/docs/edge_how_it_works.html#data_sync_types","pageViews":0,"url":"writerside-documentation/https://esthes.is/docs/edge/how-it-works.html#How-it-works.md","mainTitle":"How it works","product":"https://esthes.is/docs/edge","headings":"How it works","content":"Start typing here...\n","pageTitle":"How it works","metaDescription":"","type":"Documentation","breadcrumbs":"Users guide","root":0,"depth":1}