{"objectID":"https://esthes.is/docs/edge_kubernetes.html#installation","parent":"https://esthes.is/docs/edge_kubernetes.html#requirements","pageViews":0,"url":"writerside-documentation/https://esthes.is/docs/edge/kubernetes.html#installation","mainTitle":"Kubernetes","product":"https://esthes.is/docs/edge","headings":"Kubernetes,Installation","content":"To install esthesis EDGE on Kubernetes, execute the following commands:\nhelm install edge oci://registry-1.docker.io/esthesisiot/esthesis-edge-helm --version {version}\nThe above command will install the full stack of esthesis EDGE, consisting of esthesis EDGE backend, MariaDB, and InfluxDB. The default values of the Helm chart will properly configure the above components to work with each other, however no services will be exposed nor any module will be enabled. You can configure esthesis EDGE by providing a values file while installing the Helm chart, or passing command-line arguments to the helm install command.\nFor a full list of configuration options, see the section of the documentation.\n","pageTitle":"Installation","metaDescription":"","type":"Documentation","breadcrumbs":"Installation guide","root":0,"depth":1}