{"objectID":"https://esthes.is/docs/edge_enedis.html#enedis.md","parent":"https://esthes.is/docs/edge_enedis.html#requirements","pageViews":0,"url":"writerside-documentation/https://esthes.is/docs/edge/enedis.html#enedis.md","mainTitle":"Enedis module","product":"https://esthes.is/docs/edge","headings":"Enedis module","content":"The esthesis EDGE Enedis module allows you to fetch data from the Enedis DataHub API.\nThe data the module supports includes:\n- Daily Consumption - Daily Maximum Consumption - Daily Production ","pageTitle":"Enedis module","metaDescription":"","type":"Documentation","breadcrumbs":"Users guide///Modules","root":0,"depth":2}