{"objectID":"https://esthes.is/docs/edge_enedisconfiguration.html#general_configuration","parent":"https://esthes.is/docs/edge_enedisconfiguration.html#general_configuration","pageViews":0,"url":"writerside-documentation/https://esthes.is/docs/edge/enedisconfiguration.html#general-configuration","mainTitle":"Enedis","product":"https://esthes.is/docs/edge","headings":"Enedis,General configuration","content":"NAME DESCRIPTION\nENABLED Whether the Enedis module is enabled or not.Default: false\nCRON A Quartz-type cron expression, specifying the frequency in which the Enedis module tries to fetch data from the Enedis API.Default: 0 0 6 * * ?\nMAX_DEVICES The total number of Enedis devices that can be registered in estehesis EDGE.Default: 1000\nPAST_DAYS_INIT The number of days in the past to fetch data from the Enedis API for a newly registered device.Default: 30\nCLIENT_ID The client ID to use when connecting to the Enedis API.Default: esthesis-edge\nCLIENT_SECRET The client secret to use when connecting to the Enedis API.Default: esthesis-edge\n","pageTitle":"General configuration","metaDescription":"","type":"Documentation","breadcrumbs":"Installation guide///Configuration///Modules","root":0,"depth":3}