{"objectID":"https://esthes.is/docs/edge_examples.html#kubernetes_installation","parent":"https://esthes.is/docs/edge_examples.html#standalone_installation","pageViews":0,"url":"writerside-documentation/https://esthes.is/docs/edge/examples.html#kubernetes-installation","mainTitle":"Examples","product":"https://esthes.is/docs/edge","headings":"Examples,Kubernetes installation","content":"","pageTitle":"Kubernetes installation","metaDescription":"","type":"Documentation","breadcrumbs":"Installation guide","root":0,"depth":1}