{"objectID":"https://esthes.is/docs/edge_fronius.html#initial_registration_and_data_fetch","parent":"https://esthes.is/docs/edge_fronius.html#initial_registration_and_data_fetch","pageViews":0,"url":"writerside-documentation/https://esthes.is/docs/edge/fronius.html#initial-registration-and-data-fetch","mainTitle":"Fronius module","product":"https://esthes.is/docs/edge","headings":"Fronius module,Initial registration and data fetch","content":"New devices should be declared using the proper parameters in the esthesis Fronius module configuration. For each declared device, the Fronius module will register the device, if it is new and then try to fetch data from the Solar API. Previous registered devices which are not declared in the configuration will be disabled and will not be able to fetch data anymore.\n","pageTitle":"Initial registration and data fetch","metaDescription":"","type":"Documentation","breadcrumbs":"Users guide///Modules","root":0,"depth":2}