{"objectID":"https://esthes.is/docs/edge_api_documentation.html#admin_vs_public_api_resources","parent":"https://esthes.is/docs/edge_api_documentation.html#admin_vs_public_api_resources","pageViews":0,"url":"writerside-documentation/https://esthes.is/docs/edge/api-documentation.html#admin-vs-public-api-resources","mainTitle":"API documentation","product":"https://esthes.is/docs/edge","headings":"API documentation,Admin vs Public API resources","content":"The API provides public endpoints that can be accessed by anyone, as well as private endpoints that require authentication. Authentication takes place via a custom HTTP header using a secret token.\n- The name of the HTTP header is X-ESTHESIS-EDGE-ADMIN-SECRET. - The expected value of the header is defined via the ESTHESIS_EDGE_ADMIN_SECRET environment variable, or can be set in a Helm installation via --set esthesis.edge.admin.secret. ","pageTitle":"Admin vs Public API resources","metaDescription":"","type":"Documentation","breadcrumbs":"Users guide","root":0,"depth":1}