{"objectID":"https://esthes.is/docs/edge_api_documentation.html#API_documentation.md","parent":"https://esthes.is/docs/edge_api_documentation.html#admin_vs_public_api_resources","pageViews":0,"url":"writerside-documentation/https://esthes.is/docs/edge/api-documentation.html#API-documentation.md","mainTitle":"API documentation","product":"https://esthes.is/docs/edge","headings":"API documentation","content":"esthesis EDGE provides an OpenAPI 3.0 documentation for the API. The documentation is available at the following URL:\nhttp://{host:port}/api/openapi-ui\n","pageTitle":"API documentation","metaDescription":"","type":"Documentation","breadcrumbs":"Users guide","root":0,"depth":1}