{"objectID":"https://esthes.is/docs/edge_fronius.html#Fronius.md","parent":"https://esthes.is/docs/edge_fronius.html#initial_registration_and_data_fetch","pageViews":0,"url":"writerside-documentation/https://esthes.is/docs/edge/fronius.html#Fronius.md","mainTitle":"Fronius module","product":"https://esthes.is/docs/edge","headings":"Fronius module","content":"The esthesis EDGE Enedis module allows you to fetch data from the Fronius Solar API.\nThe data the module supports includes:\n- Power flow Daily Production ","pageTitle":"Fronius module","metaDescription":"","type":"Documentation","breadcrumbs":"Users guide///Modules","root":0,"depth":2}